[
    {
        "id": "1", 
        "cid":"1",      
        "sername": "Service type 1.1"
    },
    {
        "id": "2", 
        "cid":"1",      
        "sername": "Service type 1.2"
    },
    {
        "id": "3", 
        "cid":"1",      
        "sername": "Service type 1.3"
    },
    {
        "id": "4", 
        "cid":"2",      
        "sername": "Service type 2.1"
    },
    {
        "id": "5", 
        "cid":"2",      
        "sername": "Service type 2.2"
    }
]