[
    {
        "id": "1",
        "day": "11/07/2017",
        "timeslot": "9:00 AM to 10:00 AM"        
    },
    {
        "id": "2",
        "day": "11/07/2017",
        "timeslot": "10:00 AM to 11:00 AM"        
    },
    {
        "id": "3",
        "day": "11/07/2017",
        "timeslot": "11:00 AM to 12:00 AM"        
    },
     {
        "id": "4",
        "day": "11/08/2017",
        "timeslot": "1:00 PM to 2:00 PM"        
    },
     {
        "id": "5",
        "day": "11/09/2017",
        "timeslot": "12:00 PM to 2:00 PM"        
    },
     {
        "id": "6",
        "day": "11/27/2017",
        "timeslot": "5:00 PM to 6:00 PM"        
    },
    {
        "id": "7",
        "day": "11/27/2017",
        "timeslot": "6:00 PM to 7:00 PM"        
    }

]