[
    {
        "id": "1",
        "day": "01/01/2018",
        "timeslot": "9:00 AM"        
    },
    {
        "id": "2",
        "day": "01/01/2018",
        "timeslot": "10:00 AM"        
    },
    {
        "id": "3",
        "day": "02/01/2018",
        "timeslot": "9:00 AM"        
    },
    {
        "id": "4",
        "day": "02/01/2018",
        "timeslot": "10:00 AM"        
    },
    {
        "id": "5",
        "day": "02/01/2018",
        "timeslot": "11:00 AM"        
    },
    {
        "id": "6",
        "day": "03/01/2018",
        "timeslot": "9:00 AM"        
    },
    {
        "id": "7",
        "day": "03/01/2018",
        "timeslot": "10:00 AM"        
    },
    {
        "id": "8",
        "day": "03/01/2018",
        "timeslot": "11:00 AM"        
    },
     {
        "id": "9",
        "day": "04/01/2018",
        "timeslot": "10:00 AM"        
    },
    {
        "id": "10",
        "day": "04/01/2018",
        "timeslot": "11:00 AM"        
    },
     {
        "id": "11",
        "day": "05/01/2018",
        "timeslot": "10:00 AM"        
    },
    {
        "id": "12",
        "day": "05/01/2018",
        "timeslot": "11:00 AM"        
    },
    {
        "id": "13",
        "day": "06/01/2018",
        "timeslot": "9:00 AM"        
    }


]